feature,importance_class_0,importance_class_1,importance_mean
185,0.08546179502203206,0.09174292436728138,0.08860235969465671
21,0.02620460753435812,0.04868230220138988,0.037443454867874
60,0.01800821787583118,0.050311817746357214,0.03416001781109419
138,0.021350718273879465,0.04423322786433914,0.032791973069109304
10,0.01684820455920999,0.0295060765118554,0.023177140535532693
73,0.01968469259372796,0.022764233498795267,0.02122446304626161
95,0.020112526068714942,0.02205861121304527,0.021085568640880105
171,0.012836041578339064,0.02258074251828172,0.017708392048310394
183,0.018995389241657296,0.014631306495857643,0.016813347868757468
26,0.002348209917196679,0.03040188303494536,0.01637504647607102
98,0.017039405743768537,0.014866790941596264,0.015953098342682402
104,0.017943779754811356,0.01390916188271755,0.015926470818764454
25,0.016731601946958108,0.012593618829479661,0.014662610388218884
82,0.012445837946264268,0.015391358561525218,0.013918598253894743
18,0.006539916029699573,0.01926251316278164,0.012901214596240607
58,0.01232113577286024,0.013287467894315341,0.01280430183358779
40,0.01171248299851868,0.01320726603504833,0.012459874516783504
38,0.007222110934132313,0.017350232914244163,0.012286171924188238
121,0.006577092952966268,0.017686575485640788,0.012131834219303528
89,0.008234940529481113,0.01597398179243707,0.01210446116095909
141,0.013351790331095495,0.010546962828963538,0.011949376580029517
42,0.007820691141811645,0.0157351358714853,0.011777913506648474
78,0.010316341464810344,0.012593870812300642,0.011455106138555493
116,0.011146314491649415,0.011570091087681552,0.011358202789665484
125,0.007463077562003188,0.014500323044861338,0.010981700303432262
145,0.01014930163516207,0.010812683441751384,0.010480992538456727
144,0.007074944057118652,0.013641949998297301,0.010358447027707976
132,0.018049662010525935,0.0022142939592223834,0.01013197798487416
106,0.008570568229837741,0.011418394536197715,0.009994481383017728
70,0.01208099861272179,0.007756153951656112,0.009918576282188951
174,0.009149770646862029,0.010612542513778559,0.009881156580320294
107,0.004699377230811781,0.015027086865908737,0.00986323204836026
105,0.010562751448257282,0.009145604994652482,0.009854178221454882
62,0.007257381269331138,0.012152493911344209,0.009704937590337673
101,0.008309213108873337,0.010949085869469855,0.009629149489171596
55,0.013757745710715122,0.005486019047111768,0.009621882378913444
136,0.008200477107341916,0.01103584096601177,0.009618159036676843
75,0.008450730515657293,0.010694050713937031,0.009572390614797161
36,0.00589504197826803,0.013121000500783945,0.009508021239525988
166,0.005795464674899146,0.012986448662104522,0.009390956668501834
129,0.009336335866464651,0.009370197262645283,0.009353266564554968
86,0.0035970014949195197,0.014913029031921118,0.009255015263420319
140,0.006259951465478271,0.011461862870040326,0.008860907167759299
162,0.008872995607760004,0.008391558398817741,0.008632277003288873
161,0.006929245461435585,0.009972256867513352,0.008450751164474468
177,0.009655024598638798,0.007126319960965096,0.008390672279801947
137,0.007698503795533422,0.00902872791630216,0.008363615855917791
181,0.01113314194041474,0.0051129486309567556,0.008123045285685748
66,0.007271962792780566,0.008916870352701759,0.008094416572741162
52,0.007922185461969397,0.00723514526028642,0.007578665361127909
120,0.007358202630712185,0.007646466863813354,0.00750233474726277
72,0.0028160151478762905,0.012042349742159786,0.007429182445018038
159,0.004399822674107175,0.010226509471673731,0.0073131660728904535
29,0.0062537064926194335,0.008189767513613333,0.007221737003116383
28,0.0006027846640961343,0.013646296713583675,0.007124540688839905
90,0.004467733162755394,0.009476279541559052,0.006972006352157223
190,0.009190699149257853,0.004499925246515583,0.006845312197886718
117,0.0074048085519583156,0.006281709794014508,0.006843259172986412
24,0.006655187917658623,0.006977903019408889,0.0068165454685337554
94,0.0057857081474139704,0.007569803565578089,0.006677755856496029
184,0.005715098174656911,0.007531673164559531,0.006623385669608221
20,0.005609653587830128,0.007552833745648968,0.006581243666739548
81,0.0003898495486396314,0.012689293159079776,0.006539571353859704
34,0.004914368684358313,0.00801816288170206,0.006466265783030186
7,0.005914866612954484,0.006956696226817864,0.006435781419886174
130,0.0030827487427510882,0.009660190068151072,0.00637146940545108
156,0.006802249252814363,0.005939951008732199,0.00637110013077328
154,0.005132130874206571,0.007540728233304132,0.006336429553755352
147,0.004356563472280565,0.00794543103165779,0.006150997251969178
71,0.00508879529540233,0.006873721339313003,0.005981258317357667
43,0.0020602720522001996,0.00976576937015731,0.0059130207111787545
113,0.0064828973975939634,0.005314385631663754,0.005898641514628858
191,0.0036194814892572444,0.00814784629286199,0.0058836638910596175
68,0.008629908010940804,0.003080054546363916,0.00585498127865236
180,0.006681449170741871,0.0046916213323697775,0.005686535251555824
88,0.004554700791686628,0.006259612434102261,0.005407156612894445
47,0.0024527322956752564,0.00826895357245879,0.005360842934067023
83,0.004587160103236935,0.0060313492921958796,0.0053092546977164074
187,0.007234456753697789,0.0032044526994165303,0.00521945472655716
30,0.007651983555357826,0.0026937116173576157,0.005172847586357721
19,0.0017305527912109635,0.008600233121493753,0.005165392956352358
37,0.002804969818043901,0.0074340829863407025,0.005119526402192301
176,0.0017105840266443313,0.008456988917373565,0.005083786472008948
178,0.002056869247041959,0.007826160532204085,0.004941514889623022
92,0.004816014102895376,0.004803287310248076,0.004809650706571726
4,0.003119777962789764,0.006496389589907873,0.004808083776348819
84,0.005716099883329662,0.0033348956932878573,0.004525497788308759
146,0.003816169104444119,0.005145976412601764,0.0044810727585229415
110,0.0024552446970081596,0.006429988817368819,0.004442616757188489
15,0.002693685161451261,0.006190156494900141,0.004441920828175701
133,0.003115812766689411,0.005697275310050524,0.004406544038369968
54,0.004041580678688206,0.004758277196439546,0.004399928937563876
14,0.003574365158897308,0.005151851138483228,0.004363108148690268
131,0.005594809941006436,0.0030896603849915514,0.0043422351629989935
50,0.004930472720388934,0.0033650465565978984,0.004147759638493416
57,0.002812519112467271,0.005453226613335953,0.004132872862901612
182,0.003730348656612629,0.0041012372051246375,0.0039157929308686334
93,0.0042441354947489645,0.0035533906588322375,0.003898763076790601
45,0.0022737298300702,0.005464242297459047,0.0038689860637646234
158,0.0042821116699087725,0.0032855873738147543,0.0037838495218617636
175,0.0015028331254285376,0.0058531160719136706,0.003677974598671104
33,0.004163190485693728,0.0030627569667179464,0.003612973726205837
148,0.002366076335581132,0.004834684543235805,0.003600380439408468
59,0.001960616783129865,0.005164139423148602,0.0035623781031392334
128,0.004246947931430138,0.002850491885927416,0.003548719908678777
179,0.002593735914918701,0.004427034011256807,0.0035103849630877537
96,0.002779451574497216,0.004101749562930006,0.0034406005687136107
135,0.0025403160712661097,0.004135490903915222,0.0033379034875906655
27,0.0020520257453426893,0.00458894025441244,0.0033204829998775645
170,0.0036920759212080156,0.002946528092744908,0.0033193020069764616
99,0.003435926566605,0.003191265032000956,0.003313595799302978
63,0.002493446472044525,0.0038903175673112855,0.003191882019677905
64,0.0048277373862219974,0.0014984010198683488,0.0031630692030451732
186,0.0003536509755690531,0.005718001719647721,0.003035826347608387
102,0.0017191119415353266,0.004321676094226253,0.0030203940178807898
80,0.0030177769672832255,0.002962380567358499,0.0029900787673208624
3,0.003827215653378365,0.002140618996920788,0.0029839173251495765
53,0.0037923317630278084,0.0019952594994947503,0.0028937956312612796
108,0.0014140450300222558,0.004319228268097201,0.0028666366490597284
167,0.0009840411537804055,0.00455351897763497,0.0027687800657076878
149,0.0035565843675726683,0.0018969251644496883,0.002726754766011178
100,0.00045773949746793124,0.004985337440444937,0.002721538468956434
85,0.004190755807276976,0.001116933722376719,0.0026538447648268475
127,0.00042704507513136036,0.004858914303156325,0.002642979689143843
157,0.0035126534631520676,0.0016916290248142711,0.0026021412439831693
150,0.0019089339785030763,0.0032645327009201233,0.0025867333397116
165,0.001097807019988295,0.004042552756345685,0.00257017988816699
31,0.0032183757916754985,0.0017721082032646034,0.002495241997470051
22,0.002152515354969372,0.00273500178062965,0.002443758567799511
164,0.00036228672986264127,0.004463087378001755,0.0024126870539321983
48,0.0017801021470103724,0.0030361876657328444,0.0024081449063716085
103,0.0014126608148217201,0.0033833370224177393,0.00239799891861973
153,0.0016090356613555439,0.003175697778023808,0.002392366719689676
172,0.0019992022232410513,0.0027765849260201017,0.0023878935746305765
169,0.0021319047512591283,0.0026418596292690686,0.0023868821902640986
151,0.0032360478531974954,0.0014985761376730504,0.002367311995435273
155,0.002512590749233823,0.0021941351344594295,0.002353362941846626
12,0.0007853423422545802,0.0038459603788396635,0.002315651360547122
126,0.0012280282791910697,0.003343504117651719,0.002285766198421394
74,0.000552964849806159,0.0036267723896799,0.0020898686197430294
123,0.00336715454218961,0.0006543851115831482,0.002010769826886379
173,0.0005365267222714465,0.003432156072676662,0.0019843413974740542
69,0.00048666562626446347,0.003481501865583899,0.001984083745924181
46,0.0018004960013608222,0.0021516320053365234,0.001976064003348673
49,0.0008862361471149901,0.0030117466555642145,0.0019489914013396024
5,0.0034542946615043015,0.000419914748985543,0.0019371047052449222
11,0.0015070531707503203,0.002351334667385648,0.001929193919067984
134,0.0034972907754612,0.00032604481961584497,0.0019116677975385226
9,0.0033024803681200865,0.0005205183618599563,0.0019114993649900214
32,0.0016058600571871768,0.0021240303959378557,0.0018649452265625164
39,0.001825855964227685,0.0017461664382570536,0.0017860112012423692
1,0.0009841166006197,0.002559644035708667,0.0017718803181641836
44,0.0026029807740997057,0.0006951427340595728,0.0016490617540796393
41,0.0005310710651874236,0.0027567542572342063,0.001643912661210815
77,0.0022544595701342964,0.0009521636496572228,0.0016033116098957596
87,0.0010989274816589993,0.00199329444463577,0.0015461109631473846
189,0.001473897764716033,0.001398683899556848,0.0014362908321364405
122,0.0021698071916489425,0.000701618563368811,0.0014357128775088768
111,0.0008106346461052757,0.001957225982721411,0.0013839303144133435
76,0.0007557293165234569,0.001994621807294076,0.0013751755619087664
61,0.0002784902060639638,0.0022792590617276196,0.0012788746338957917
163,0.0009029777200832237,0.0016120810869608704,0.001257529403522047
124,0.0022107642886718772,0.0002997700903317006,0.0012552671895017888
8,0.0016220772307254567,0.0005368407968073067,0.0010794590137663818
23,0.000835463845208532,0.0012711341725169707,0.0010532990088627514
13,0.0006323657390296944,0.0013653852359141183,0.0009988754874719064
35,0.0004187274619624759,0.0014671873955194314,0.0009429574287409537
79,0.0007414839923664355,0.0010949455232965495,0.0009182147578314925
118,0.00035633432520206415,0.0014434672834795492,0.0008999008043408067
139,0.0013729880377469546,0.0004010749975975614,0.000887031517672258
17,0.00010030256031730762,0.0016524958256619964,0.000876399192989652
91,0.00021921981870913024,0.0015124728913444112,0.0008658463550267708
168,0.0006323786999094713,0.001021933974833189,0.0008271563373713302
65,8.723473436293243e-05,0.0015469650530709107,0.0008170998937169216
114,0.000374903290965752,0.0011960892030250154,0.0007854962469953837
112,0.0005603938898038526,0.0009596735852331525,0.0007600337375185026
97,0.00026103576449069504,0.001165064402821751,0.000713050083656223
0,0.001232000971810976,0.00013772462599940619,0.0006848627989051911
109,0.0008277772196265687,0.0005267079025846518,0.0006772425611056103
2,0.0002639048818448009,0.0010459466080116424,0.0006549257449282216
143,0.00046785565695965187,0.0008163204957630418,0.0006420880763613468
142,0.0002573517069635045,0.0010083427024104215,0.000632847204686963
160,0.0006341674893424928,0.0005823798135224934,0.0006082736514324931
51,0.000921226154721122,0.0002757165034760571,0.0005984713290985896
67,0.00023546989606397042,0.0009173706560545725,0.0005764202760592715
16,0.000304380257991473,0.000816400916363591,0.000560390587177532
6,0.0010487716596022285,5.529832422723757e-05,0.000552034991914733
119,0.00027442066385200786,0.0006564959971816128,0.0004654583305168103
115,0.0006463751199442905,0.0002784569409281327,0.0004624160304362116
188,0.0003615138298490213,0.0004342874014658567,0.000397900615657439
56,0.0001585920041549116,0.0005344270751095337,0.00034650953963222264
152,7.569562548326303e-05,0.0005273355316296838,0.00030151557855647343
